{
  "contentTypes": [
    {
      "sys": {
        "space": {
          "sys": {
            "type": "Link",
            "linkType": "Space",
            "id": "eoycdhdn0664"
          }
        },
        "id": "blogs",
        "type": "ContentType",
        "createdAt": "2019-08-22T06:53:24.588Z",
        "updatedAt": "2019-08-22T06:53:29.751Z",
        "environment": {
          "sys": {
            "id": "master",
            "type": "Link",
            "linkType": "Environment"
          }
        },
        "publishedVersion": 1,
        "publishedAt": "2019-08-22T06:53:29.751Z",
        "firstPublishedAt": "2019-08-22T06:53:29.751Z",
        "createdBy": {
          "sys": {
            "type": "Link",
            "linkType": "User",
            "id": "4AG3Kl8ji96A7lNyQceDLt"
          }
        },
        "updatedBy": {
          "sys": {
            "type": "Link",
            "linkType": "User",
            "id": "4AG3Kl8ji96A7lNyQceDLt"
          }
        },
        "publishedCounter": 1,
        "version": 2,
        "publishedBy": {
          "sys": {
            "type": "Link",
            "linkType": "User",
            "id": "4AG3Kl8ji96A7lNyQceDLt"
          }
        }
      },
      "displayField": "title",
      "name": "Blogs",
      "description": "Blog posts",
      "fields": [
        {
          "id": "title",
          "name": "Title",
          "type": "Symbol",
          "localized": false,
          "required": false,
          "validations": [
          ],
          "disabled": false,
          "omitted": false
        },
        {
          "id": "slug",
          "name": "Slug",
          "type": "Symbol",
          "localized": false,
          "required": false,
          "validations": [
          ],
          "disabled": false,
          "omitted": false
        },
        {
          "id": "featureImage",
          "name": "Feature Image",
          "type": "Link",
          "localized": false,
          "required": false,
          "validations": [
          ],
          "disabled": false,
          "omitted": false,
          "linkType": "Asset"
        },
        {
          "id": "description",
          "name": "Description",
          "type": "Text",
          "localized": false,
          "required": false,
          "validations": [
          ],
          "disabled": false,
          "omitted": false
        },
        {
          "id": "author",
          "name": "Author",
          "type": "Link",
          "localized": false,
          "required": false,
          "validations": [
          ],
          "disabled": false,
          "omitted": false,
          "linkType": "Entry"
        },
        {
          "id": "publicData",
          "name": "Public Data",
          "type": "Date",
          "localized": false,
          "required": false,
          "validations": [
          ],
          "disabled": false,
          "omitted": false
        }
      ]
    },
    {
      "sys": {
        "space": {
          "sys": {
            "type": "Link",
            "linkType": "Space",
            "id": "eoycdhdn0664"
          }
        },
        "id": "author",
        "type": "ContentType",
        "createdAt": "2019-08-22T06:53:24.600Z",
        "updatedAt": "2019-08-22T06:53:25.769Z",
        "environment": {
          "sys": {
            "id": "master",
            "type": "Link",
            "linkType": "Environment"
          }
        },
        "publishedVersion": 1,
        "publishedAt": "2019-08-22T06:53:25.769Z",
        "firstPublishedAt": "2019-08-22T06:53:25.769Z",
        "createdBy": {
          "sys": {
            "type": "Link",
            "linkType": "User",
            "id": "4AG3Kl8ji96A7lNyQceDLt"
          }
        },
        "updatedBy": {
          "sys": {
            "type": "Link",
            "linkType": "User",
            "id": "4AG3Kl8ji96A7lNyQceDLt"
          }
        },
        "publishedCounter": 1,
        "version": 2,
        "publishedBy": {
          "sys": {
            "type": "Link",
            "linkType": "User",
            "id": "4AG3Kl8ji96A7lNyQceDLt"
          }
        }
      },
      "displayField": "name",
      "name": "Author",
      "description": "",
      "fields": [
        {
          "id": "name",
          "name": "Name",
          "type": "Symbol",
          "localized": false,
          "required": false,
          "validations": [
          ],
          "disabled": false,
          "omitted": false
        },
        {
          "id": "photo",
          "name": "Photo",
          "type": "Link",
          "localized": false,
          "required": false,
          "validations": [
          ],
          "disabled": false,
          "omitted": false,
          "linkType": "Asset"
        },
        {
          "id": "slug",
          "name": "Slug",
          "type": "Symbol",
          "localized": false,
          "required": false,
          "validations": [
          ],
          "disabled": false,
          "omitted": false
        },
        {
          "id": "about",
          "name": "About",
          "type": "Text",
          "localized": false,
          "required": false,
          "validations": [
          ],
          "disabled": false,
          "omitted": false
        }
      ]
    },
    {
      "sys": {
        "space": {
          "sys": {
            "type": "Link",
            "linkType": "Space",
            "id": "eoycdhdn0664"
          }
        },
        "id": "headerBanner",
        "type": "ContentType",
        "createdAt": "2019-08-22T06:53:24.796Z",
        "updatedAt": "2019-08-22T06:53:27.629Z",
        "environment": {
          "sys": {
            "id": "master",
            "type": "Link",
            "linkType": "Environment"
          }
        },
        "publishedVersion": 1,
        "publishedAt": "2019-08-22T06:53:27.629Z",
        "firstPublishedAt": "2019-08-22T06:53:27.629Z",
        "createdBy": {
          "sys": {
            "type": "Link",
            "linkType": "User",
            "id": "4AG3Kl8ji96A7lNyQceDLt"
          }
        },
        "updatedBy": {
          "sys": {
            "type": "Link",
            "linkType": "User",
            "id": "4AG3Kl8ji96A7lNyQceDLt"
          }
        },
        "publishedCounter": 1,
        "version": 2,
        "publishedBy": {
          "sys": {
            "type": "Link",
            "linkType": "User",
            "id": "4AG3Kl8ji96A7lNyQceDLt"
          }
        }
      },
      "displayField": "title",
      "name": "Header Banner",
      "description": "",
      "fields": [
        {
          "id": "title",
          "name": "Title",
          "type": "Symbol",
          "localized": false,
          "required": false,
          "validations": [
          ],
          "disabled": false,
          "omitted": false
        },
        {
          "id": "subHeading",
          "name": "Sub Heading",
          "type": "Symbol",
          "localized": false,
          "required": false,
          "validations": [
          ],
          "disabled": false,
          "omitted": false
        },
        {
          "id": "image",
          "name": "Image",
          "type": "Link",
          "localized": false,
          "required": false,
          "validations": [
          ],
          "disabled": false,
          "omitted": false,
          "linkType": "Asset"
        },
        {
          "id": "buttonLink",
          "name": "Button Link",
          "type": "Symbol",
          "localized": false,
          "required": false,
          "validations": [
          ],
          "disabled": false,
          "omitted": false
        }
      ]
    },
    {
      "sys": {
        "space": {
          "sys": {
            "type": "Link",
            "linkType": "Space",
            "id": "eoycdhdn0664"
          }
        },
        "id": "dealCountDown",
        "type": "ContentType",
        "createdAt": "2019-08-22T06:53:24.812Z",
        "updatedAt": "2019-08-22T06:53:28.550Z",
        "environment": {
          "sys": {
            "id": "master",
            "type": "Link",
            "linkType": "Environment"
          }
        },
        "publishedVersion": 1,
        "publishedAt": "2019-08-22T06:53:28.550Z",
        "firstPublishedAt": "2019-08-22T06:53:28.550Z",
        "createdBy": {
          "sys": {
            "type": "Link",
            "linkType": "User",
            "id": "4AG3Kl8ji96A7lNyQceDLt"
          }
        },
        "updatedBy": {
          "sys": {
            "type": "Link",
            "linkType": "User",
            "id": "4AG3Kl8ji96A7lNyQceDLt"
          }
        },
        "publishedCounter": 1,
        "version": 2,
        "publishedBy": {
          "sys": {
            "type": "Link",
            "linkType": "User",
            "id": "4AG3Kl8ji96A7lNyQceDLt"
          }
        }
      },
      "displayField": "title",
      "name": "Deal CountDown",
      "description": "",
      "fields": [
        {
          "id": "title",
          "name": "Title",
          "type": "Symbol",
          "localized": false,
          "required": false,
          "validations": [
          ],
          "disabled": false,
          "omitted": false
        },
        {
          "id": "featureImage",
          "name": "Feature Image",
          "type": "Link",
          "localized": false,
          "required": false,
          "validations": [
          ],
          "disabled": false,
          "omitted": false,
          "linkType": "Asset"
        },
        {
          "id": "date",
          "name": "Date",
          "type": "Date",
          "localized": false,
          "required": false,
          "validations": [
          ],
          "disabled": false,
          "omitted": false
        },
        {
          "id": "buttonLink",
          "name": "Button Link",
          "type": "Symbol",
          "localized": false,
          "required": false,
          "validations": [
          ],
          "disabled": false,
          "omitted": false
        }
      ]
    },
    {
      "sys": {
        "space": {
          "sys": {
            "type": "Link",
            "linkType": "Space",
            "id": "eoycdhdn0664"
          }
        },
        "id": "product",
        "type": "ContentType",
        "createdAt": "2019-08-22T06:53:24.829Z",
        "updatedAt": "2019-08-22T06:53:26.670Z",
        "environment": {
          "sys": {
            "id": "master",
            "type": "Link",
            "linkType": "Environment"
          }
        },
        "publishedVersion": 1,
        "publishedAt": "2019-08-22T06:53:26.670Z",
        "firstPublishedAt": "2019-08-22T06:53:26.670Z",
        "createdBy": {
          "sys": {
            "type": "Link",
            "linkType": "User",
            "id": "4AG3Kl8ji96A7lNyQceDLt"
          }
        },
        "updatedBy": {
          "sys": {
            "type": "Link",
            "linkType": "User",
            "id": "4AG3Kl8ji96A7lNyQceDLt"
          }
        },
        "publishedCounter": 1,
        "version": 2,
        "publishedBy": {
          "sys": {
            "type": "Link",
            "linkType": "User",
            "id": "4AG3Kl8ji96A7lNyQceDLt"
          }
        }
      },
      "displayField": "name",
      "name": "Product",
      "description": "",
      "fields": [
        {
          "id": "name",
          "name": "Name",
          "type": "Symbol",
          "localized": false,
          "required": false,
          "validations": [
          ],
          "disabled": false,
          "omitted": false
        },
        {
          "id": "slug",
          "name": "Slug",
          "type": "Symbol",
          "localized": false,
          "required": false,
          "validations": [
          ],
          "disabled": false,
          "omitted": false
        },
        {
          "id": "details",
          "name": "Details",
          "type": "Text",
          "localized": false,
          "required": false,
          "validations": [
          ],
          "disabled": false,
          "omitted": false
        },
        {
          "id": "image",
          "name": "Image",
          "type": "Link",
          "localized": false,
          "required": false,
          "validations": [
          ],
          "disabled": false,
          "omitted": false,
          "linkType": "Asset"
        },
        {
          "id": "productMorePhotos",
          "name": "Product More Photos",
          "type": "Array",
          "localized": false,
          "required": false,
          "validations": [
          ],
          "disabled": false,
          "omitted": false,
          "items": {
            "type": "Link",
            "validations": [
            ],
            "linkType": "Asset"
          }
        },
        {
          "id": "author",
          "name": "Author",
          "type": "Link",
          "localized": false,
          "required": false,
          "validations": [
          ],
          "disabled": false,
          "omitted": false,
          "linkType": "Entry"
        },
        {
          "id": "price",
          "name": "Price",
          "type": "Number",
          "localized": false,
          "required": false,
          "validations": [
          ],
          "disabled": false,
          "omitted": false
        },
        {
          "id": "rating",
          "name": "Rating",
          "type": "Integer",
          "localized": false,
          "required": false,
          "validations": [
          ],
          "disabled": false,
          "omitted": false
        }
      ]
    }
  ],
  "editorInterfaces": [
    {
      "sys": {
        "id": "default",
        "type": "EditorInterface",
        "space": {
          "sys": {
            "id": "eoycdhdn0664",
            "type": "Link",
            "linkType": "Space"
          }
        },
        "version": 2,
        "createdAt": "2019-08-22T06:53:29.942Z",
        "createdBy": {
          "sys": {
            "id": "4AG3Kl8ji96A7lNyQceDLt",
            "type": "Link",
            "linkType": "User"
          }
        },
        "updatedAt": "2019-08-22T06:53:31.728Z",
        "updatedBy": {
          "sys": {
            "id": "4AG3Kl8ji96A7lNyQceDLt",
            "type": "Link",
            "linkType": "User"
          }
        },
        "contentType": {
          "sys": {
            "id": "blogs",
            "type": "Link",
            "linkType": "ContentType"
          }
        },
        "environment": {
          "sys": {
            "id": "master",
            "type": "Link",
            "linkType": "Environment"
          }
        }
      },
      "controls": [
        {
          "fieldId": "title",
          "widgetId": "singleLine",
          "widgetNamespace": "builtin"
        },
        {
          "fieldId": "slug",
          "widgetId": "singleLine",
          "widgetNamespace": "builtin"
        },
        {
          "fieldId": "featureImage",
          "widgetId": "assetLinkEditor",
          "widgetNamespace": "builtin"
        },
        {
          "fieldId": "description",
          "widgetId": "markdown",
          "widgetNamespace": "builtin"
        },
        {
          "fieldId": "author",
          "widgetId": "entryLinkEditor",
          "widgetNamespace": "builtin"
        },
        {
          "fieldId": "publicData",
          "widgetId": "datePicker",
          "widgetNamespace": "builtin"
        }
      ]
    },
    {
      "sys": {
        "id": "default",
        "type": "EditorInterface",
        "space": {
          "sys": {
            "id": "eoycdhdn0664",
            "type": "Link",
            "linkType": "Space"
          }
        },
        "version": 2,
        "createdAt": "2019-08-22T06:53:25.924Z",
        "createdBy": {
          "sys": {
            "id": "4AG3Kl8ji96A7lNyQceDLt",
            "type": "Link",
            "linkType": "User"
          }
        },
        "updatedAt": "2019-08-22T06:53:31.501Z",
        "updatedBy": {
          "sys": {
            "id": "4AG3Kl8ji96A7lNyQceDLt",
            "type": "Link",
            "linkType": "User"
          }
        },
        "contentType": {
          "sys": {
            "id": "author",
            "type": "Link",
            "linkType": "ContentType"
          }
        },
        "environment": {
          "sys": {
            "id": "master",
            "type": "Link",
            "linkType": "Environment"
          }
        }
      },
      "controls": [
        {
          "fieldId": "name",
          "widgetId": "singleLine",
          "widgetNamespace": "builtin"
        },
        {
          "fieldId": "photo",
          "widgetId": "assetLinkEditor",
          "widgetNamespace": "builtin"
        },
        {
          "fieldId": "slug",
          "widgetId": "singleLine",
          "widgetNamespace": "builtin"
        },
        {
          "fieldId": "about",
          "widgetId": "markdown",
          "widgetNamespace": "builtin"
        }
      ]
    },
    {
      "sys": {
        "id": "default",
        "type": "EditorInterface",
        "space": {
          "sys": {
            "id": "eoycdhdn0664",
            "type": "Link",
            "linkType": "Space"
          }
        },
        "version": 2,
        "createdAt": "2019-08-22T06:53:27.808Z",
        "createdBy": {
          "sys": {
            "id": "4AG3Kl8ji96A7lNyQceDLt",
            "type": "Link",
            "linkType": "User"
          }
        },
        "updatedAt": "2019-08-22T06:53:31.758Z",
        "updatedBy": {
          "sys": {
            "id": "4AG3Kl8ji96A7lNyQceDLt",
            "type": "Link",
            "linkType": "User"
          }
        },
        "contentType": {
          "sys": {
            "id": "headerBanner",
            "type": "Link",
            "linkType": "ContentType"
          }
        },
        "environment": {
          "sys": {
            "id": "master",
            "type": "Link",
            "linkType": "Environment"
          }
        }
      },
      "controls": [
        {
          "fieldId": "title",
          "widgetId": "singleLine",
          "widgetNamespace": "builtin"
        },
        {
          "fieldId": "subHeading",
          "widgetId": "singleLine",
          "widgetNamespace": "builtin"
        },
        {
          "fieldId": "image",
          "widgetId": "assetLinkEditor",
          "widgetNamespace": "builtin"
        },
        {
          "fieldId": "buttonLink",
          "widgetId": "singleLine",
          "widgetNamespace": "builtin"
        }
      ]
    },
    {
      "sys": {
        "id": "default",
        "type": "EditorInterface",
        "space": {
          "sys": {
            "id": "eoycdhdn0664",
            "type": "Link",
            "linkType": "Space"
          }
        },
        "version": 2,
        "createdAt": "2019-08-22T06:53:28.696Z",
        "createdBy": {
          "sys": {
            "id": "4AG3Kl8ji96A7lNyQceDLt",
            "type": "Link",
            "linkType": "User"
          }
        },
        "updatedAt": "2019-08-22T06:53:31.544Z",
        "updatedBy": {
          "sys": {
            "id": "4AG3Kl8ji96A7lNyQceDLt",
            "type": "Link",
            "linkType": "User"
          }
        },
        "contentType": {
          "sys": {
            "id": "dealCountDown",
            "type": "Link",
            "linkType": "ContentType"
          }
        },
        "environment": {
          "sys": {
            "id": "master",
            "type": "Link",
            "linkType": "Environment"
          }
        }
      },
      "controls": [
        {
          "fieldId": "title",
          "widgetId": "singleLine",
          "widgetNamespace": "builtin"
        },
        {
          "fieldId": "featureImage",
          "widgetId": "assetLinkEditor",
          "widgetNamespace": "builtin"
        },
        {
          "fieldId": "date",
          "widgetId": "datePicker",
          "widgetNamespace": "builtin"
        },
        {
          "fieldId": "buttonLink",
          "widgetId": "singleLine",
          "widgetNamespace": "builtin"
        }
      ]
    },
    {
      "sys": {
        "id": "default",
        "type": "EditorInterface",
        "space": {
          "sys": {
            "id": "eoycdhdn0664",
            "type": "Link",
            "linkType": "Space"
          }
        },
        "version": 2,
        "createdAt": "2019-08-22T06:53:26.868Z",
        "createdBy": {
          "sys": {
            "id": "4AG3Kl8ji96A7lNyQceDLt",
            "type": "Link",
            "linkType": "User"
          }
        },
        "updatedAt": "2019-08-22T06:53:31.619Z",
        "updatedBy": {
          "sys": {
            "id": "4AG3Kl8ji96A7lNyQceDLt",
            "type": "Link",
            "linkType": "User"
          }
        },
        "contentType": {
          "sys": {
            "id": "product",
            "type": "Link",
            "linkType": "ContentType"
          }
        },
        "environment": {
          "sys": {
            "id": "master",
            "type": "Link",
            "linkType": "Environment"
          }
        }
      },
      "controls": [
        {
          "fieldId": "name",
          "widgetId": "singleLine",
          "widgetNamespace": "builtin"
        },
        {
          "fieldId": "slug",
          "widgetId": "singleLine",
          "widgetNamespace": "builtin"
        },
        {
          "fieldId": "details",
          "widgetId": "markdown",
          "widgetNamespace": "builtin"
        },
        {
          "fieldId": "image",
          "widgetId": "assetLinkEditor",
          "widgetNamespace": "builtin"
        },
        {
          "fieldId": "productMorePhotos",
          "widgetId": "assetLinksEditor",
          "widgetNamespace": "builtin"
        },
        {
          "fieldId": "author",
          "widgetId": "entryLinkEditor",
          "widgetNamespace": "builtin"
        },
        {
          "fieldId": "price",
          "widgetId": "numberEditor",
          "widgetNamespace": "builtin"
        },
        {
          "fieldId": "rating",
          "widgetId": "numberEditor",
          "widgetNamespace": "builtin"
        }
      ]
    }
  ],
  "locales": [
    {
      "name": "English (United States)",
      "code": "en-US",
      "fallbackCode": null,
      "default": true,
      "contentManagementApi": true,
      "contentDeliveryApi": true,
      "optional": false,
      "sys": {
        "type": "Locale",
        "id": "1YrHYjDygaoL5AGYZEwLRz",
        "version": 1,
        "space": {
          "sys": {
            "type": "Link",
            "linkType": "Space",
            "id": "eoycdhdn0664"
          }
        },
        "environment": {
          "sys": {
            "type": "Link",
            "linkType": "Environment",
            "id": "master"
          }
        },
        "createdBy": {
          "sys": {
            "type": "Link",
            "linkType": "User",
            "id": "4AG3Kl8ji96A7lNyQceDLt"
          }
        },
        "createdAt": "2019-08-22T06:51:55Z",
        "updatedBy": {
          "sys": {
            "type": "Link",
            "linkType": "User",
            "id": "4AG3Kl8ji96A7lNyQceDLt"
          }
        },
        "updatedAt": "2019-08-22T06:51:55Z"
      }
    }
  ],
  "webhooks": [
  ],
  "roles": [
  ]
}